SYMBOL,
20MICRONS.NS,
21STCENMGM.NS,
3IINFOLTD.NS,
3PLAND.NS,3MINDIA
4THDIM.NS,3PLAND
5PAISA.NS,4THDIM
63MOONS.NS,5PAISA
A2ZINFRA.NS,63MOONS
AAATECH.NS,A2ZINFRA
AAKASH.NS,AAATECH
AAREYDRUGS.NS,AAKASH
AARON.NS,AAREYDRUGS
AARTIDRUGS.NS,AARON
AARTIIND.NS,AARTIDRUGS
AARTISURF.NS,AARTIIND
AARVEEDEN.NS,AARTISURF
AARVI.NS,AARVEEDEN
AAVAS.NS,AARVI
ABAN.NS,AAVAS
ABB.NS,ABAN
ABBOTINDIA.NS,ABB
ABCAPITAL.NS,ABBOTINDIA
ABFRL.NS,ABCAPITAL
ABMINTLLTD.NS,ABFRL
ABSLAMC.NS,ABMINTLLTD
ACC.NS,ABSLAMC
ACCELYA.NS,ACC
ACCURACY.NS,ACCELYA
ACE.NS,ACCURACY
ACEINTEG.NS,ACE
ACI.NS,ACEINTEG
ADANIENT.NS,ACI
ADANIGREEN.NS,ADANIENT
ADANIPORTS.NS,ADANIGREEN
ADANIPOWER.NS,ADANIPORTS
ADANITRANS.NS,ADANIPOWER
ADFFOODS.NS,ADANITRANS
ADL.NS,ADFFOODS
ADORWELD.NS,ADL
ADROITINFO.NS,ADORWELD
ADSL.NS,ADROITINFO
ADVANIHOTR.NS,ADSL
ADVENZYMES.NS,ADVANIHOTR
AEGISCHEM.NS,ADVENZYMES
AETHER.NS,AEGISCHEM
AFFLE.NS,AETHER
AGARIND.NS,AFFLE
AGI.NS,AGARIND
AGRITECH.NS,AGI
AGROPHOS.NS,AGRITECH
AGSTRA.NS,AGROPHOS
AHL.NS,AGSTRA
AHLADA.NS,AHL
AHLEAST.NS,AHLADA
AHLUCONT.NS,AHLEAST
AIAENG.NS,AHLUCONT
AIRAN.NS,AIAENG
AIROLAM.NS,AIRAN
AJANTPHARM.NS,AIROLAM
AJMERA.NS,AJANTPHARM
AJOONI.NS,AJMERA
AJRINFRA.NS,AJOONI
AKASH.NS,AJRINFRA
AKG.NS,AKASH
AKG-RE.NS,AKG
AKSHAR.NS,AKG-RE
AKSHARCHEM.NS,AKSHAR
AKSHOPTFBR.NS,AKSHARCHEM
AKZOINDIA.NS,AKSHOPTFBR
ALANKIT.NS,AKZOINDIA
ALBERTDAVD.NS,ALANKIT
ALEMBICLTD.NS,ALBERTDAVD
ALICON.NS,ALEMBICLTD
ALKALI.NS,ALICON
ALKEM.NS,ALKALI
ALKYLAMINE.NS,ALKEM
ALLCARGO.NS,ALKYLAMINE
ALLSEC.NS,ALLCARGO
ALMONDZ.NS,ALLSEC
ALOKINDS.NS,ALMONDZ
ALPA.NS,ALOKINDS
ALPHAGEO.NS,ALPA
ALPSINDUS.NS,ALPHAGEO
AMARAJABAT.NS,ALPSINDUS
AMBER.NS,AMARAJABAT
AMBICAAGAR.NS,AMBER
AMBIKCO.NS,AMBICAAGAR
AMBUJACEM.NS,AMBIKCO
AMDIND.NS,AMBUJACEM
AMIORG.NS,AMDIND
AMJLAND.NS,AMIORG
AMRUTANJAN.NS,AMJLAND
ANANDRATHI.NS,AMRUTANJAN
ANANTRAJ.NS,ANANDRATHI
ANDHRACEMT.NS,ANANTRAJ
ANDHRAPAP.NS,ANDHRACEMT
ANDHRSUGAR.NS,ANDHRAPAP
ANDREWYU.NS,ANDHRSUGAR
ANGELONE.NS,ANDREWYU
ANIKINDS.NS,ANGELONE
ANKITMETAL.NS,ANIKINDS
ANMOL.NS,ANKITMETAL
ANTGRAPHIC.NS,ANMOL
ANUP.NS,ANTGRAPHIC
ANURAS.NS,ANUP
APARINDS.NS,ANURAS
APCL.NS,APARINDS
APCL-RE.NS,APCL
APCOTEXIND.NS,APCL-RE
APEX.NS,APCOTEXIND
APLAPOLLO.NS,APEX
APLLTD.NS,APLAPOLLO
APOLLO.NS,APLLTD
APOLLOHOSP.NS,APOLLO
APOLLOPIPE.NS,APOLLOHOSP
APOLLOTYRE.NS,APOLLOPIPE
APOLSINHOT.NS,APOLLOTYRE
APTECHT.NS,APOLSINHOT
APTUS.NS,APTECHT
ARCHIDPLY.NS,APTUS
ARCHIES.NS,ARCHIDPLY
ARENTERP.NS,ARCHIES
ARIES.NS,ARENTERP
ARIHANTCAP.NS,ARIES
ARIHANTSUP.NS,ARIHANTCAP
ARMANFIN.NS,ARIHANTSUP
AROGRANITE.NS,ARMANFIN
ARROWGREEN.NS,AROGRANITE
ARSHIYA.NS,ARROWGREEN
ARSSINFRA.NS,ARSHIYA
ARTEMISMED.NS,ARSSINFRA
ARTNIRMAN.NS,ARTEMISMED
ARVEE.NS,ARTNIRMAN
ARVIND.NS,ARVEE
ARVINDFASN.NS,ARVIND
ARVSMART.NS,ARVINDFASN
ASAHIINDIA.NS,ARVSMART
ASAHISONG.NS,ASAHIINDIA
ASAL.NS,ASAHISONG
ASALCBR.NS,ASAL
ASHAPURMIN.NS,ASALCBR
ASHIANA.NS,ASHAPURMIN
ASHIMASYN.NS,ASHIANA
ASHOKA.NS,ASHIMASYN
ASHOKLEY.NS,ASHOKA
ASIANENE.NS,ASHOKLEY
ASIANHOTNR.NS,ASIANENE
ASIANPAINT.NS,ASIANHOTNR
ASIANTILES.NS,ASIANPAINT
ASPINWALL.NS,ASIANTILES
ASTEC.NS,ASPINWALL
ASTERDM.NS,ASTEC
ASTRAL.NS,ASTERDM
ASTRAMICRO.NS,ASTRAL
ASTRAZEN.NS,ASTRAMICRO
ASTRON.NS,ASTRAZEN
ATFL.NS,ASTRON
ATGL.NS,ATFL
ATLANTA.NS,ATGL
ATUL.NS,ATLANTA
ATULAUTO.NS,ATUL
AUBANK.NS,ATULAUTO
AURIONPRO.NS,AUBANK
AUROPHARMA.NS,AURIONPRO
AURUM.NS,AUROPHARMA
AUSOMENT.NS,AURUM
AUTOAXLES.NS,AUSOMENT
AUTOIND.NS,AUTOAXLES
AVADHSUGAR.NS,AUTOIND
AVANTIFEED.NS,AVADHSUGAR
AVONMORE.NS,AVANTIFEED
AVROIND.NS,AVONMORE
AVTNPL.NS,AVROIND
AWHCL.NS,AVTNPL
AWL.NS,AWHCL
AXISBANK.NS,AWL
AXISCADES.NS,AXISBANK
AXITA.NS,AXISCADES
AYMSYNTEX.NS,AXITA
BAFNAPH.NS,AYMSYNTEX
BAGFILMS.NS,BAFNAPH
BAJAJ-AUTO.NS,BAGFILMS
BAJAJCON.NS,BAJAJ-AUTO
BAJAJELEC.NS,BAJAJCON
BAJAJFINSV.NS,BAJAJELEC
BAJAJHCARE.NS,BAJAJFINSV
BAJAJHIND.NS,BAJAJHCARE
BAJAJHLDNG.NS,BAJAJHIND
BAJFINANCE.NS,BAJAJHLDNG
BALAJITELE.NS,BAJFINANCE
BALAMINES.NS,BALAJITELE
BALAXI.NS,BALAMINES
BALKRISHNA.NS,BALAXI
BALKRISIND.NS,BALKRISHNA
BALLARPUR.NS,BALKRISIND
BALMLAWRIE.NS,BALLARPUR
BALPHARMA.NS,BALMLAWRIE
BALRAMCHIN.NS,BALPHARMA
BANARBEADS.NS,BALRAMCHIN
BANARISUG.NS,BANARBEADS
BANCOINDIA.NS,BANARISUG
BANDHANBNK.NS,BANCOINDIA
BANG.NS,BANDHANBNK
BANKA.NS,BANG
BANKBARODA.NS,BANKA
BANKINDIA.NS,BANKBARODA
BANSWRAS.NS,BANKINDIA
BARBEQUE.NS,BANSWRAS
BASF.NS,BARBEQUE
BASML.NS,BASF
BATAINDIA.NS,BASML
BAYERCROP.NS,BATAINDIA
BBL.NS,BAYERCROP
BBOX.NS,BBL
BBTC.NS,BBOX
BBTCL.NS,BBTC
BCG.NS,BBTCL
BCLIND.NS,BCG
BCONCEPTS.NS,BCLIND
BCP.NS,BCONCEPTS
BDL.NS,BCP
BEARDSELL.NS,BDL
BECTORFOOD.NS,BEARDSELL
BEDMUTHA.NS,BECTORFOOD
BEL.NS,BEDMUTHA
BEML.NS,BEL
BEPL.NS,BEML
BERGEPAINT.NS,BEPL
BESTAGRO.NS,BERGEPAINT
BFINVEST.NS,BESTAGRO
BFUTILITIE.NS,BFINVEST
BGRENERGY.NS,BFUTILITIE
BHAGCHEM.NS,BGRENERGY
BHAGERIA.NS,BHAGCHEM
BHAGYANGR.NS,BHAGERIA
BHANDARI.NS,BHAGYANGR
BHARATFORG.NS,BHANDARI
BHARATGEAR.NS,BHARATFORG
BHARATRAS.NS,BHARATGEAR
BHARATWIRE.NS,BHARATRAS
BHARTIARTL.NS,BHARATWIRE
BHEL.NS,BHARTIARTL
BIGBLOC.NS,BHEL
BIKAJI.NS,BIGBLOC
BIL.NS,BIKAJI
BINDALAGRO.NS,BIL
BIOCON.NS,BINDALAGRO
BIOFILCHEM.NS,BIOCON
BIRLACABLE.NS,BIOFILCHEM
BIRLACORPN.NS,BIRLACABLE
BIRLAMONEY.NS,BIRLACORPN
BKMINDST.NS,BIRLAMONEY
BLBLIMITED.NS,BKMINDST
BLISSGVS.NS,BLBLIMITED
BLKASHYAP.NS,BLISSGVS
BLS.NS,BLKASHYAP
BLUEDART.NS,BLS
BLUESTARCO.NS,BLUEDART
BODALCHEM.NS,BLUESTARCO
BOHRAIND.NS,BODALCHEM
BOMDYEING.NS,BOHRAIND
BOROLTD.NS,BOMDYEING
BORORENEW.NS,BOROLTD
BOSCHLTD.NS,BORORENEW
BPCL.NS,BOSCHLTD
BPL.NS,BPCL
BRIGADE.NS,BPL
BRITANNIA.NS,BRIGADE
BRNL.NS,BRITANNIA
BROOKS.NS,BRNL
BSE.NS,BROOKS
BSHSL.NS,BSE
BSL.NS,BSHSL
BSOFT.NS,BSL
BURNPUR.NS,BSOFT
BUTTERFLY.NS,BURNPUR
BVCL.NS,BUTTERFLY
BYKE.NS,BVCL
CALSOFT.NS,BYKE
CAMLINFINE.NS,CALSOFT
CAMPUS.NS,CAMLINFINE
CAMS.NS,CAMPUS
CANBK.NS,CAMS
CANFINHOME.NS,CANBK
CANTABIL.NS,CANFINHOME
CAPACITE.NS,CANTABIL
CAPLIPOINT.NS,CAPACITE
CAPTRUST.NS,CAPLIPOINT
CARBORUNIV.NS,CAPTRUST
CAREERP.NS,CARBORUNIV
CARERATING.NS,CAREERP
CARTRADE.NS,CARERATING
CARYSIL.NS,CARTRADE
CASTROLIND.NS,CARYSIL
CCCL.NS,CASTROLIND
CCHHL.NS,CCCL
CCL.NS,CCHHL
CDSL.NS,CCL
CEATLTD.NS,CDSL
CELEBRITY.NS,CEATLTD
CENTENKA.NS,CELEBRITY
CENTEXT.NS,CENTENKA
CENTRALBK.NS,CENTEXT
CENTRUM.NS,CENTRALBK
CENTUM.NS,CENTRUM
CENTURYPLY.NS,CENTUM
CENTURYTEX.NS,CENTURYPLY
CERA.NS,CENTURYTEX
CEREBRAINT.NS,CERA
CESC.NS,CEREBRAINT
CGCL.NS,CESC
CGPOWER.NS,CGCL
CHALET.NS,CGPOWER
CHAMBLFERT.NS,CHALET
CHEMBOND.NS,CHAMBLFERT
CHEMCON.NS,CHEMBOND
CHEMFAB.NS,CHEMCON
CHEMPLASTS.NS,CHEMFAB
CHENNPETRO.NS,CHEMPLASTS
CHEVIOT.NS,CHENNPETRO
CHOICEIN.NS,CHEVIOT
CHOLAFIN.NS,CHOICEIN
CHOLAHLDNG.NS,CHOLAFIN
CIGNITITEC.NS,CHOLAHLDNG
CINELINE.NS,CIGNITITEC
CINEVISTA.NS,CINELINE
CIPLA.NS,CINEVISTA
CLEAN.NS,CIPLA
CLEDUCATE.NS,CLEAN
CLNINDIA.NS,CLEDUCATE
CLSEL.NS,CLNINDIA
CMICABLES.NS,CLSEL
CMSINFO.NS,CMICABLES
COALINDIA.NS,CMSINFO
COASTCORP.NS,COALINDIA
COCHINSHIP.NS,COASTCORP
COFFEEDAY.NS,COCHINSHIP
COFORGE.NS,COFFEEDAY
COLPAL.NS,COFORGE
COMPINFO.NS,COLPAL
COMPUSOFT.NS,COMPINFO
CONCOR.NS,COMPUSOFT
CONFIPET.NS,CONCOR
CONSOFINVT.NS,CONFIPET
CONTROLPR.NS,CONSOFINVT
CORALFINAC.NS,CONTROLPR
CORDSCABLE.NS,CORALFINAC
COROMANDEL.NS,CORDSCABLE
COSMOFIRST.NS,COROMANDEL
COUNCODOS.NS,COSMOFIRST
CRAFTSMAN.NS,COUNCODOS
CREATIVE.NS,CRAFTSMAN
CREATIVEYE.NS,CREATIVE
CREDITACC.NS,CREATIVEYE
CREST.NS,CREDITACC
CRISIL.NS,CREST
CROMPTON.NS,CRISIL
CROWN.NS,CROMPTON
CSBBANK.NS,CROWN
CSLFINANCE.NS,CSBBANK
CTE.NS,CSLFINANCE
CUB.NS,CTE
CUBEXTUB.NS,CUB
CUMMINSIND.NS,CUBEXTUB
CUPID.NS,CUMMINSIND
CYBERMEDIA.NS,CUPID
CYBERTECH.NS,CYBERMEDIA
CYIENT.NS,CYBERTECH
DAAWAT.NS,CYIENT
DABUR.NS,DAAWAT
DALBHARAT.NS,DABUR
DALMIASUG.NS,DALBHARAT
DAMODARIND.NS,DALMIASUG
DANGEE.NS,DAMODARIND
DATAMATICS.NS,DANGEE
DATAPATTNS.NS,DATAMATICS
DBCORP.NS,DATAPATTNS
DBL.NS,DBCORP
DBOL.NS,DBL
DBREALTY.NS,DBOL
DBSTOCKBRO.NS,DBREALTY
DCAL.NS,DBSTOCKBRO
DCBBANK.NS,DCAL
DCI.NS,DCBBANK
DCM.NS,DCI
DCMFINSERV.NS,DCM
DCMNVL.NS,DCMFINSERV
DCMSHRIRAM.NS,DCMNVL
DCMSRIND.NS,DCMSHRIRAM
DCW.NS,DCMSRIND
DCXINDIA.NS,DCW
DECCANCE.NS,DCXINDIA
DEEPAKFERT.NS,DECCANCE
DEEPAKNTR.NS,DEEPAKFERT
DEEPENR.NS,DEEPAKNTR
DEEPINDS.NS,DEEPENR
DELHIVERY.NS,DEEPINDS
DELPHIFX.NS,DELHIVERY
DELTACORP.NS,DELPHIFX
DELTAMAGNT.NS,DELTACORP
DEN.NS,DELTAMAGNT
DENORA.NS,DEN
DEVIT.NS,DENORA
DEVYANI.NS,DEVIT
DFMFOODS.NS,DEVYANI
DGCONTENT.NS,DFMFOODS
DHAMPURSUG.NS,DGCONTENT
DHANBANK.NS,DHAMPURSUG
DHANI.NS,DHANBANK
DHANUKA.NS,DHANI
DHARMAJ.NS,DHANUKA
DHARSUGAR.NS,DHARMAJ
DHRUV.NS,DHARSUGAR
DHUNINV.NS,DHRUV
DIAMONDYD.NS,DHUNINV
DICIND.NS,DIAMONDYD
DIGISPICE.NS,DICIND
DIGJAMLMTD.NS,DIGISPICE
DIL.NS,DIGJAMLMTD
DISHTV.NS,DIL
DIVISLAB.NS,DISHTV
DIXON.NS,DIVISLAB
DJML.NS,DIXON
DLF.NS,DJML
DLINKINDIA.NS,DLF
DMART.NS,DLINKINDIA
DMCC.NS,DMART
DNAMEDIA.NS,DMCC
DODLA.NS,DNAMEDIA
DOLATALGO.NS,DODLA
DOLLAR.NS,DOLATALGO
DONEAR.NS,DOLLAR
DPABHUSHAN.NS,DONEAR
DPSCLTD.NS,DPABHUSHAN
DPWIRES.NS,DPSCLTD
DREAMFOLKS.NS,DPWIRES
DREDGECORP.NS,DREAMFOLKS
DRREDDY.NS,DREDGECORP
DSSL.NS,DRREDDY
DTIL.NS,DSSL
DUCON.NS,DTIL
DVL.NS,DUCON
DWARKESH.NS,DVL
DYCL.NS,DWARKESH
DYNAMATECH.NS,DYCL
DYNPRO.NS,DYNAMATECH
E2E.NS,DYNPRO
EASEMYTRIP.NS,E2E
EASTSILK.NS,EASEMYTRIP
ECLERX.NS,EASTSILK
EDELWEISS.NS,ECLERX
EDUCOMP.NS,EDELWEISS
EICHERMOT.NS,EDUCOMP
EIDPARRY.NS,EICHERMOT
EIFFL.NS,EIDPARRY
EIHAHOTELS.NS,EIFFL
EIHOTEL.NS,EIHAHOTELS
EIMCOELECO.NS,EIHOTEL
EKC.NS,EIMCOELECO
ELDEHSG.NS,EKC
ELECON.NS,ELDEHSG
ELECTCAST.NS,ELECON
ELECTHERM.NS,ELECTCAST
ELGIEQUIP.NS,ELECTHERM
ELGIRUBCO.NS,ELGIEQUIP
ELIN.NS,ELGIRUBCO
EMAMILTD.NS,ELIN
EMAMIPAP.NS,EMAMILTD
EMAMIREAL.NS,EMAMIPAP
EMIL.NS,EMAMIREAL
EMKAY.NS,EMIL
EMMBI.NS,EMKAY
EMUDHRA.NS,EMMBI
ENDURANCE.NS,EMUDHRA
ENERGYDEV.NS,ENDURANCE
ENGINERSIN.NS,ENERGYDEV
ENIL.NS,ENGINERSIN
EPL.NS,ENIL
EQUIPPP.NS,EPL
EQUITAS.NS,EQUIPPP
EQUITASBNK.NS,EQUITAS
ERIS.NS,EQUITASBNK
EROSMEDIA.NS,ERIS
ESABINDIA.NS,EROSMEDIA
ESCORTS.NS,ESABINDIA
ESSARSHPNG.NS,ESCORTS
ESSENTIA.NS,ESSARSHPNG
ESTER.NS,ESSENTIA
ETHOSLTD.NS,ESTER
EUROTEXIND.NS,ETHOSLTD
EVEREADY.NS,EUROTEXIND
EVERESTIND.NS,EVEREADY
EXCEL.NS,EVERESTIND
EXCELINDUS.NS,EXCEL
EXIDEIND.NS,EXCELINDUS
EXPLEOSOL.NS,EXIDEIND
EXXARO.NS,EXPLEOSOL
FACT.NS,EXXARO
FAIRCHEMOR.NS,FACT
FAZE3Q.NS,FAIRCHEMOR
FCL.NS,FAZE3Q
FCONSUMER.NS,FCL
FCSSOFT.NS,FCONSUMER
FDC.NS,FCSSOFT
FEDERALBNK.NS,FDC
FEL.NS,FEDERALBNK
FELDVR.NS,FEL
FIBERWEB.NS,FELDVR
FIEMIND.NS,FIBERWEB
FILATEX.NS,FIEMIND
FINCABLES.NS,FILATEX
FINEORG.NS,FINCABLES
FINOPB.NS,FINEORG
FINPIPE.NS,FINOPB
FIVESTAR.NS,FINPIPE
FLEXITUFF.NS,FIVESTAR
FLFL.NS,FLEXITUFF
FLUOROCHEM.NS,FLFL
FMGOETZE.NS,FLUOROCHEM
FMNL.NS,FMGOETZE
FOCUS.NS,FMNL
FOODSIN.NS,FOCUS
FORCEMOT.NS,FOODSIN
FORTIS.NS,FORCEMOT
FOSECOIND.NS,FORTIS
FRETAIL.NS,FOSECOIND
FSC.NS,FRETAIL
FSL.NS,FSC
FUSION.NS,FSL
GABRIEL.NS,FUSION
GAEL.NS,GABRIEL
GAIL.NS,GAEL
GAL.NS,GAIL
GAL-RE.NS,GAL
GALAXYSURF.NS,GAL-RE
GALLANTT.NS,GALAXYSURF
GANDHITUBE.NS,GALLANTT
GANECOS.NS,GANDHITUBE
GANESHBE.NS,GANECOS
GANESHHOUC.NS,GANESHBE
GANGAFORGE.NS,GANESHHOUC
GANGESSECU.NS,GANGAFORGE
GANGOTRI.NS,GANGESSECU
GARFIBRES.NS,GANGOTRI
GATEWAY.NS,GARFIBRES
GATI.NS,GATEWAY
GAYAHWS.NS,GATI
GAYAPROJ.NS,GAYAHWS
GEECEE.NS,GAYAPROJ
GEEKAYWIRE.NS,GEECEE
GENCON.NS,GEEKAYWIRE
GENESYS.NS,GENCON
GENUSPAPER.NS,GENESYS
GENUSPOWER.NS,GENUSPAPER
GEOJITFSL.NS,GENUSPOWER
GEPIL.NS,GEOJITFSL
GESHIP.NS,GEPIL
GET&D.NS,GESHIP
GFLLIMITED.NS,GET&D
GHCL.NS,GFLLIMITED
GICHSGFIN.NS,GHCL
GICRE.NS,GICHSGFIN
GILLANDERS.NS,GICRE
GILLETTE.NS,GILLANDERS
GINNIFILA.NS,GILLETTE
GIPCL.NS,GINNIFILA
GKWLIMITED.NS,GIPCL
GLAND.NS,GKWLIMITED
GLAXO.NS,GLAND
GLENMARK.NS,GLAXO
GLFL.NS,GLENMARK
GLOBAL.NS,GLFL
GLOBALVECT.NS,GLOBAL
GLOBE.NS,GLOBALVECT
GLOBUSSPR.NS,GLOBE
GLS.NS,GLOBUSSPR
GMBREW.NS,GLS
GMDCLTD.NS,GMBREW
GMMPFAUDLR.NS,GMDCLTD
GMRINFRA.NS,GMMPFAUDLR
GMRP&UI.NS,GMRINFRA
GNA.NS,GMRP&UI
GNFC.NS,GNA
GOACARBON.NS,GNFC
GOCLCORP.NS,GOACARBON
GOCOLORS.NS,GOCLCORP
GODFRYPHLP.NS,GOCOLORS
GODHA.NS,GODFRYPHLP
GODREJAGRO.NS,GODHA
GODREJCP.NS,GODREJAGRO
GODREJIND.NS,GODREJCP
GODREJPROP.NS,GODREJIND
GOENKA.NS,GODREJPROP
GOKEX.NS,GOENKA
GOKUL.NS,GOKEX
GOKULAGRO.NS,GOKUL
GOLDENTOBC.NS,GOKULAGRO
GOLDIAM.NS,GOLDENTOBC
GOLDTECH.NS,GOLDIAM
GOODLUCK.NS,GOLDTECH
GOODYEAR.NS,GOODLUCK
GOYALALUM.NS,GOODYEAR
GPIL.NS,GOYALALUM
GPPL.NS,GPIL
GPTINFRA.NS,GPPL
GRANULES.NS,GPTINFRA
GRAPHITE.NS,GRANULES
GRASIM.NS,GRAPHITE
GRAUWEIL.NS,GRASIM
GRAVITA.NS,GRAUWEIL
GREAVESCOT.NS,GRAVITA
GREENLAM.NS,GREAVESCOT
GREENPANEL.NS,GREENLAM
GREENPLY.NS,GREENPANEL
GREENPOWER.NS,GREENPLY
GRINDWELL.NS,GREENPOWER
GRINFRA.NS,GRINDWELL
GRMOVER.NS,GRINFRA
GROBTEA.NS,GRMOVER
GRPLTD.NS,GROBTEA
GRSE.NS,GRPLTD
GRWRHITECH.NS,GRSE
GSCLCEMENT.NS,GRWRHITECH
GSFC.NS,GSCLCEMENT
GSPL.NS,GSFC
GSS.NS,GSPL
GTL.NS,GSS
GTLINFRA.NS,GTL
GTPL.NS,GTLINFRA
GUFICBIO.NS,GTPL
GUJALKALI.NS,GUFICBIO
GUJAPOLLO.NS,GUJALKALI
GUJGASLTD.NS,GUJAPOLLO
GUJRAFFIA.NS,GUJGASLTD
GULFOILLUB.NS,GUJRAFFIA
GULFPETRO.NS,GULFOILLUB
GULPOLY.NS,GULFPETRO
GVKPIL.NS,GULPOLY
HAL.NS,GVKPIL
HAPPSTMNDS.NS,HAL
HARDWYN.NS,HAPPSTMNDS
HARIOMPIPE.NS,HARDWYN
HARRMALAYA.NS,HARIOMPIPE
HARSHA.NS,HARRMALAYA
HATHWAY.NS,HARSHA
HATSUN.NS,HATHWAY
HAVELLS.NS,HATSUN
HAVISHA.NS,HAVELLS
HBLPOWER.NS,HAVISHA
HBSL.NS,HBLPOWER
HCC.NS,HBSL
HCG.NS,HCC
HCL-INSYS.NS,HCG
HCLTECH.NS,HCL-INSYS
HDFC.NS,HCLTECH
HDFCAMC.NS,HDFC
HDFCBANK.NS,HDFCAMC
HDFCLIFE.NS,HDFCBANK
HDIL.NS,HDFCLIFE
HEADSUP.NS,HDIL
HECPROJECT.NS,HEADSUP
HEG.NS,HECPROJECT
HEIDELBERG.NS,HEG
HEMIPROP.NS,HEIDELBERG
HERANBA.NS,HEMIPROP
HERCULES.NS,HERANBA
HERITGFOOD.NS,HERCULES
HEROMOTOCO.NS,HERITGFOOD
HESTERBIO.NS,HEROMOTOCO
HEXATRADEX.NS,HESTERBIO
HFCL.NS,HEXATRADEX
HGINFRA.NS,HFCL
HGS.NS,HGINFRA
HIKAL.NS,HGS
HIL.NS,HIKAL
HILTON.NS,HIL
HIMATSEIDE.NS,HILTON
HINDALCO.NS,HIMATSEIDE
HINDCOMPOS.NS,HINDALCO
HINDCON.NS,HINDCOMPOS
HINDCOPPER.NS,HINDCON
HINDMOTORS.NS,HINDCOPPER
HINDOILEXP.NS,HINDMOTORS
HINDPETRO.NS,HINDOILEXP
HINDUNILVR.NS,HINDPETRO
HINDWAREAP.NS,HINDUNILVR
HINDZINC.NS,HINDWAREAP
HIRECT.NS,HINDZINC
HISARMETAL.NS,HIRECT
HITECH.NS,HISARMETAL
HITECHCORP.NS,HITECH
HITECHGEAR.NS,HITECHCORP
HLEGLAS.NS,HITECHGEAR
HLVLTD.NS,HLEGLAS
HMT.NS,HLVLTD
HMVL.NS,HMT
HNDFDS.NS,HMVL
HOMEFIRST.NS,HNDFDS
HONAUT.NS,HOMEFIRST
HONDAPOWER.NS,HONAUT
HOVS.NS,HONDAPOWER
HPAL.NS,HOVS
HPIL.NS,HPAL
HPL.NS,HPIL
HSCL.NS,HPL
HTMEDIA.NS,HSCL
HUBTOWN.NS,HTMEDIA
HUDCO.NS,HUBTOWN
HUHTAMAKI.NS,HUDCO
HYBRIDFIN.NS,HUHTAMAKI
IBREALEST.NS,HYBRIDFIN
IBULHSGFIN.NS,IBREALEST
ICDSLTD.NS,IBULHSGFIN
ICEMAKE.NS,ICDSLTD
ICICIBANK.NS,ICEMAKE
ICICIGI.NS,ICICIBANK
ICICIPRULI.NS,ICICIGI
ICIL.NS,ICICIPRULI
ICRA.NS,ICIL
IDBI.NS,ICRA
IDEA.NS,IDBI
IDFC.NS,IDEA
IDFCFIRSTB.NS,IDFC
IEL.NS,IDFCFIRSTB
IEX.NS,IEL
IFBAGRO.NS,IEX
IFBIND.NS,IFBAGRO
IFCI.NS,IFBIND
IFGLEXPOR.NS,IFCI
IGARASHI.NS,IFGLEXPOR
IGL.NS,IGARASHI
IGPL.NS,IGL
IIFL.NS,IGPL
IIFLSEC.NS,IIFL
IIFLWAM.NS,IIFLSEC
IITL.NS,IIFLWAM
IL&FSENGG.NS,IITL
IL&FSTRANS.NS,IL&FSENGG
IMAGICAA.NS,IL&FSTRANS
IMFA.NS,IMAGICAA
IMPAL.NS,IMFA
INCREDIBLE.NS,IMPAL
INDBANK.NS,INCREDIBLE
INDHOTEL.NS,INDBANK
INDIACEM.NS,INDHOTEL
INDIAGLYCO.NS,INDIACEM
INDIAMART.NS,INDIAGLYCO
INDIANB.NS,INDIAMART
INDIANCARD.NS,INDIANB
INDIANHUME.NS,INDIANCARD
INDIGO.NS,INDIANHUME
INDIGOPNTS.NS,INDIGO
INDLMETER.NS,INDIGOPNTS
INDNIPPON.NS,INDLMETER
INDOAMIN.NS,INDNIPPON
INDOBORAX.NS,INDOAMIN
INDOCO.NS,INDOBORAX
INDORAMA.NS,INDOCO
INDOSTAR.NS,INDORAMA
INDOTECH.NS,INDOSTAR
INDOTHAI.NS,INDOTECH
INDOWIND.NS,INDOTHAI
INDRAMEDCO.NS,INDOWIND
INDSWFTLAB.NS,INDRAMEDCO
INDSWFTLTD.NS,INDSWFTLAB
INDTERRAIN.NS,INDSWFTLTD
INDUSINDBK.NS,INDTERRAIN
INDUSTOWER.NS,INDUSINDBK
INEOSSTYRO.NS,INDUSTOWER
INFIBEAM.NS,INEOSSTYRO
INFOBEAN.NS,INFIBEAM
INFOMEDIA.NS,INFOBEAN
INFY.NS,INFOMEDIA
INGERRAND.NS,INFY
INOXGREEN.NS,INGERRAND
INOXLEISUR.NS,INOXGREEN
INOXWIND.NS,INOXLEISUR
INSECTICID.NS,INOXWIND
INSPIRISYS.NS,INSECTICID
INTELLECT.NS,INSPIRISYS
INTENTECH.NS,INTELLECT
INTLCONV.NS,INTENTECH
INVENTURE.NS,INTLCONV
IOB.NS,INVENTURE
IOC.NS,IOB
IOLCP.NS,IOC
IONEXCHANG.NS,IOLCP
IPCALAB.NS,IONEXCHANG
IPL.NS,IPCALAB
IRB.NS,IPL
IRCON.NS,IRB
IRCTC.NS,IRCON
IRFC.NS,IRCTC
IRIS.NS,IRFC
IRISDOREME.NS,IRIS
ISEC.NS,IRISDOREME
ISFT.NS,ISEC
ISGEC.NS,ISFT
ISMTLTD.NS,ISGEC
ITC.NS,ISMTLTD
ITDC.NS,ITC
ITDCEM.NS,ITDC
ITI.NS,ITDCEM
IVC.NS,ITI
IVP.NS,IVC
IWEL.NS,IVP
IZMO.NS,IWEL
J&KBANK.NS,IZMO
JAGRAN.NS,J&KBANK
JAGSNPHARM.NS,JAGRAN
JAIBALAJI.NS,JAGSNPHARM
JAICORPLTD.NS,JAIBALAJI
JAIPURKURT.NS,JAICORPLTD
JAMNAAUTO.NS,JAIPURKURT
JASH.NS,JAMNAAUTO
JAYAGROGN.NS,JASH
JAYBARMARU.NS,JAYAGROGN
JAYNECOIND.NS,JAYBARMARU
JAYSREETEA.NS,JAYNECOIND
JBCHEPHARM.NS,JAYSREETEA
JBFIND.NS,JBCHEPHARM
JBMA.NS,JBFIND
JCHAC.NS,JBMA
JETAIRWAYS.NS,JCHAC
JETFREIGHT.NS,JETAIRWAYS
JHS.NS,JETFREIGHT
JINDALPHOT.NS,JHS
JINDALPOLY.NS,JINDALPHOT
JINDALSAW.NS,JINDALPOLY
JINDALSTEL.NS,JINDALSAW
JINDRILL.NS,JINDALSTEL
JINDWORLD.NS,JINDRILL
JISLDVREQS.NS,JINDWORLD
JISLJALEQS.NS,JISLDVREQS
JITFINFRA.NS,JISLJALEQS
JKCEMENT.NS,JITFINFRA
JKIL.NS,JKCEMENT
JKLAKSHMI.NS,JKIL
JKPAPER.NS,JKLAKSHMI
JKTYRE.NS,JKPAPER
JMA.NS,JKTYRE
JMCPROJECT.NS,JMA
JMFINANCIL.NS,JMCPROJECT
JOCIL.NS,JMFINANCIL
JPASSOCIAT.NS,JOCIL
JPOLYINVST.NS,JPASSOCIAT
JPPOWER.NS,JPOLYINVST
JSL.NS,JPPOWER
JSLHISAR.NS,JSL
JSWENERGY.NS,JSLHISAR
JSWHL.NS,JSWENERGY
JSWISPL.NS,JSWHL
JSWSTEEL.NS,JSWISPL
JTEKTINDIA.NS,JSWSTEEL
JTLIND.NS,JTEKTINDIA
JUBLFOOD.NS,JTLIND
JUBLINDS.NS,JUBLFOOD
JUBLINGREA.NS,JUBLINDS
JUBLPHARMA.NS,JUBLINGREA
JUSTDIAL.NS,JUBLPHARMA
JWL.NS,JUSTDIAL
JYOTHYLAB.NS,JWL
JYOTISTRUC.NS,JYOTHYLAB
KABRAEXTRU.NS,JYOTISTRUC
KAJARIACER.NS,KABRAEXTRU
KAKATCEM.NS,KAJARIACER
KALPATPOWR.NS,KAKATCEM
KALYANI.NS,KALPATPOWR
KALYANIFRG.NS,KALYANI
KALYANKJIL.NS,KALYANIFRG
KAMATHOTEL.NS,KALYANKJIL
KAMDHENU.NS,KAMATHOTEL
KANANIIND.NS,KAMDHENU
KANORICHEM.NS,KANANIIND
KANPRPLA.NS,KANORICHEM
KANSAINER.NS,KANPRPLA
KAPSTON.NS,KANSAINER
KARMAENG.NS,KAPSTON
KARURVYSYA.NS,KARMAENG
KAUSHALYA.NS,KARURVYSYA
KAVVERITEL.NS,KAUSHALYA
KAYA.NS,KAVVERITEL
KAYNES.NS,KAYA
KBCGLOBAL.NS,KAYNES
KCP.NS,KBCGLOBAL
KCPSUGIND.NS,KCP
KDDL.NS,KCPSUGIND
KEC.NS,KDDL
KECL.NS,KEC
KEEPLEARN.NS,KECL
KEI.NS,KEEPLEARN
KELLTONTEC.NS,KEI
KENNAMET.NS,KELLTONTEC
KERNEX.NS,KENNAMET
KESORAMIND.NS,KERNEX
KEYFINSERV.NS,KESORAMIND
KFINTECH.NS,KEYFINSERV
KHADIM.NS,KFINTECH
KHAICHEM.NS,KHADIM
KHAITANLTD.NS,KHAICHEM
KHANDSE.NS,KHAITANLTD
KICL.NS,KHANDSE
KILITCH.NS,KICL
KIMS.NS,KILITCH
KINGFA.NS,KIMS
KIOCL.NS,KINGFA
KIRIINDUS.NS,KIOCL
KIRLFER.NS,KIRIINDUS
KIRLOSBROS.NS,KIRLFER
KIRLOSENG.NS,KIRLOSBROS
KIRLOSIND.NS,KIRLOSENG
KITEX.NS,KIRLOSIND
KKCL.NS,KITEX
KMSUGAR.NS,KKCL
KNRCON.NS,KMSUGAR
KOHINOOR.NS,KNRCON
KOKUYOCMLN.NS,KOHINOOR
KOLTEPATIL.NS,KOKUYOCMLN
KOPRAN.NS,KOLTEPATIL
KOTAKBANK.NS,KOPRAN
KOTARISUG.NS,KOTAKBANK
KOTHARIPET.NS,KOTARISUG
KOTHARIPRO.NS,KOTHARIPET
KOVAI.NS,KOTHARIPRO
KPIGREEN.NS,KOVAI
KPITTECH.NS,KPIGREEN
KPRMILL.NS,KPITTECH
KRBL.NS,KPRMILL
KREBSBIO.NS,KRBL
KRIDHANINF.NS,KREBSBIO
KRISHANA.NS,KRIDHANINF
KRITI.NS,KRISHANA
KRITIKA.NS,KRITI
KRITINUT.NS,KRITIKA
KRSNAA.NS,KRITINUT
KSB.NS,KRSNAA
KSCL.NS,KSB
KSHITIJPOL.NS,KSCL
KSL.NS,KSHITIJPOL
KSOLVES.NS,KSL
KTKBANK.NS,KSOLVES
KUANTUM.NS,KTKBANK
L&TFH.NS,KUANTUM
LAGNAM.NS,L&TFH
LAKPRE.NS,LAGNAM
LALPATHLAB.NS,LAKPRE
LAMBODHARA.NS,LALPATHLAB
LANCER.NS,LAMBODHARA
LANDMARK.NS,LANCER
LAOPALA.NS,LANDMARK
LASA.NS,LAOPALA
LATENTVIEW.NS,LASA
LAURUSLABS.NS,LATENTVIEW
LAXMICOT.NS,LAURUSLABS
LAXMIMACH.NS,LAXMICOT
LCCINFOTEC.NS,LAXMIMACH
LEMONTREE.NS,LCCINFOTEC
LFIC.NS,LEMONTREE
LGBBROSLTD.NS,LFIC
LGBFORGE.NS,LGBBROSLTD
LIBAS.NS,LGBFORGE
LIBERTSHOE.NS,LIBAS
LICHSGFIN.NS,LIBERTSHOE
LICI.NS,LICHSGFIN
LIKHITHA.NS,LICI
LINC.NS,LIKHITHA
LINCOLN.NS,LINC
LINDEINDIA.NS,LINCOLN
LODHA.NS,LINDEINDIA
LOKESHMACH.NS,LODHA
LOTUSEYE.NS,LOKESHMACH
LOVABLE.NS,LOTUSEYE
LOYALTEX.NS,LOVABLE
LPDC.NS,LOYALTEX
LSIL.NS,LPDC
LT.NS,LSIL
LTIM.NS,LT
LTTS.NS,LTIM
LUMAXIND.NS,LTTS
LUMAXTECH.NS,LUMAXIND
LUPIN.NS,LUMAXTECH
LUXIND.NS,LUPIN
LXCHEM.NS,LUXIND
LYKALABS.NS,LXCHEM
LYPSAGEMS.NS,LYKALABS
M&M.NS,LYPSAGEMS
M&MFIN.NS,M&M
MAANALU.NS,M&MFIN
MACPOWER.NS,MAANALU
MADHAV.NS,MACPOWER
MADHUCON.NS,MADHAV
MADRASFERT.NS,MADHUCON
MAGADSUGAR.NS,MADRASFERT
MAGNUM.NS,MAGADSUGAR
MAHABANK.NS,MAGNUM
MAHAPEXLTD.NS,MAHABANK
MAHASTEEL.NS,MAHAPEXLTD
MAHEPC.NS,MAHASTEEL
MAHESHWARI.NS,MAHEPC
MAHINDCIE.NS,MAHESHWARI
MAHLIFE.NS,MAHINDCIE
MAHLOG.NS,MAHLIFE
MAHSCOOTER.NS,MAHLOG
MAHSEAMLES.NS,MAHSCOOTER
MAITHANALL.NS,MAHSEAMLES
MALLCOM.NS,MAITHANALL
MALUPAPER.NS,MALLCOM
MANAKALUCO.NS,MALUPAPER
MANAKCOAT.NS,MANAKALUCO
MANAKSIA.NS,MANAKCOAT
MANAKSTEEL.NS,MANAKSIA
MANALIPETC.NS,MANAKSTEEL
MANAPPURAM.NS,MANALIPETC
MANGALAM.NS,MANAPPURAM
MANGCHEFER.NS,MANGALAM
MANGLMCEM.NS,MANGCHEFER
MANINDS.NS,MANGLMCEM
MANINFRA.NS,MANINDS
MANORAMA.NS,MANINFRA
MANORG.NS,MANORAMA
MANUGRAPH.NS,MANORG
MANYAVAR.NS,MANUGRAPH
MAPMYINDIA.NS,MANYAVAR
MARALOVER.NS,MAPMYINDIA
MARATHON.NS,MARALOVER
MARICO.NS,MARATHON
MARINE.NS,MARICO
MARKSANS.NS,MARINE
MARSHALL.NS,MARKSANS
MARUTI.NS,MARSHALL
MASFIN.NS,MARUTI
MASKINVEST.NS,MASFIN
MASTEK.NS,MASKINVEST
MATRIMONY.NS,MASTEK
MAWANASUG.NS,MATRIMONY
MAXHEALTH.NS,MAWANASUG
MAXIND.NS,MAXHEALTH
MAXVIL.NS,MAXIND
MAYURUNIQ.NS,MAXVIL
MAZDA.NS,MAYURUNIQ
MAZDOCK.NS,MAZDA
MBAPL.NS,MAZDOCK
MBECL.NS,MBAPL
MBLINFRA.NS,MBECL
MCDOWELL-N.NS,MBLINFRA
MCL.NS,MCDOWELL-N
MCLEODRUSS.NS,MCL
MCX.NS,MCLEODRUSS
MEDANTA.NS,MCX
MEDICAMEQ.NS,MEDANTA
MEDICO.NS,MEDICAMEQ
MEDPLUS.NS,MEDICO
MEGASOFT.NS,MEDPLUS
MEGASTAR.NS,MEGASOFT
MELSTAR.NS,MEGASTAR
MENONBE.NS,MELSTAR
MEP.NS,MENONBE
MERCATOR.NS,MEP
METALFORGE.NS,MERCATOR
METROBRAND.NS,METALFORGE
METROPOLIS.NS,METROBRAND
MFL.NS,METROPOLIS
MFSL.NS,MFL
MGEL.NS,MFSL
MGL.NS,MGEL
MHLXMIRU.NS,MGL
MHRIL.NS,MHLXMIRU
MIDHANI.NS,MHRIL
MINDACORP.NS,MIDHANI
MINDTECK.NS,MINDACORP
MIRCELECTR.NS,MINDTECK
MIRZAINT.NS,MIRCELECTR
MITCON.NS,MIRZAINT
MITTAL.NS,MITCON
MMFL.NS,MITTAL
MMP.NS,MMFL
MMTC.NS,MMP
MODIRUBBER.NS,MMTC
MODISONLTD.NS,MODIRUBBER
MOHITIND.NS,MODISONLTD
MOIL.NS,MOHITIND
MOKSH.NS,MOIL
MOL.NS,MOKSH
MOLDTECH.NS,MOL
MOLDTKPAC.NS,MOLDTECH
MONARCH.NS,MOLDTKPAC
MONTECARLO.NS,MONARCH
MORARJEE.NS,MONTECARLO
MOREPENLAB.NS,MORARJEE
MOTHERSON.NS,MOREPENLAB
MOTILALOFS.NS,MOTHERSON
MOTOGENFIN.NS,MOTILALOFS
MPHASIS.NS,MOTOGENFIN
MPSLTD.NS,MPHASIS
MRF.NS,MPSLTD
MRO-TEK.NS,MRF
MRPL.NS,MRO-TEK
MSPL.NS,MRPL
MSTCLTD.NS,MSPL
MSUMI.NS,MSTCLTD
MTARTECH.NS,MSUMI
MTEDUCARE.NS,MTARTECH
MTNL.NS,MTEDUCARE
MUKANDLTD.NS,MTNL
MUKTAARTS.NS,MUKANDLTD
MUNJALAU.NS,MUKTAARTS
MUNJALSHOW.NS,MUNJALAU
MURUDCERA.NS,MUNJALSHOW
MUTHOOTCAP.NS,MURUDCERA
MUTHOOTFIN.NS,MUTHOOTCAP
NACLIND.NS,MUTHOOTFIN
NAGREEKCAP.NS,NACLIND
NAGREEKEXP.NS,NAGREEKCAP
NAHARCAP.NS,NAGREEKEXP
NAHARINDUS.NS,NAHARCAP
NAHARPOLY.NS,NAHARINDUS
NAHARSPING.NS,NAHARPOLY
NAM-INDIA.NS,NAHARSPING
NARMADA.NS,NAM-INDIA
NATCOPHARM.NS,NARMADA
NATHBIOGEN.NS,NATCOPHARM
NATIONALUM.NS,NATHBIOGEN
NATNLSTEEL.NS,NATIONALUM
NAUKRI.NS,NATNLSTEEL
NAVA.NS,NAUKRI
NAVINFLUOR.NS,NAVA
NAVKARCORP.NS,NAVINFLUOR
NAVNETEDUL.NS,NAVKARCORP
NAZARA.NS,NAVNETEDUL
NBCC.NS,NAZARA
NBIFIN.NS,NBCC
NCC.NS,NBIFIN
NCLIND.NS,NCC
NDGL.NS,NCLIND
NDL.NS,NDGL
NDRAUTO.NS,NDL
NDTV.NS,NDRAUTO
NECCLTD.NS,NDTV
NECLIFE.NS,NECCLTD
NELCAST.NS,NECLIFE
NELCO.NS,NELCAST
NEOGEN.NS,NELCO
NESCO.NS,NEOGEN
NESTLEIND.NS,NESCO
NETWORK18.NS,NESTLEIND
NEULANDLAB.NS,NETWORK18
NEWGEN.NS,NEULANDLAB
NEXTMEDIA.NS,NEWGEN
NFL.NS,NEXTMEDIA
NGIL.NS,NFL
NGLFINE.NS,NGIL
NH.NS,NGLFINE
NHPC.NS,NH
NIACL.NS,NHPC
NIBL.NS,NIACL
NIITLTD.NS,NIBL
NILAINFRA.NS,NIITLTD
NILASPACES.NS,NILAINFRA
NILKAMAL.NS,NILASPACES
NIPPOBATRY.NS,NILKAMAL
NIRAJ.NS,NIPPOBATRY
NIRAJISPAT.NS,NIRAJ
NITCO.NS,NIRAJISPAT
NITINSPIN.NS,NITCO
NITIRAJ.NS,NITINSPIN
NKIND.NS,NITIRAJ
NLCINDIA.NS,NKIND
NMDC.NS,NLCINDIA
NOCIL.NS,NMDC
NOIDATOLL.NS,NOCIL
NORBTEAEXP.NS,NOIDATOLL
NOVARTIND.NS,NORBTEAEXP
NRAIL.NS,NOVARTIND
NRBBEARING.NS,NRAIL
NSIL.NS,NRBBEARING
NTPC.NS,NSIL
NUCLEUS.NS,NTPC
NURECA.NS,NUCLEUS
NUVOCO.NS,NURECA
NXTDIGITAL.NS,NUVOCO
NYKAA.NS,NXTDIGITAL
OAL.NS,NYKAA
OBCL.NS,OAL
OBEROIRLTY.NS,OBCL
OCCL.NS,OBEROIRLTY
OFSS.NS,OCCL
OIL.NS,OFSS
OILCOUNTUB.NS,OIL
OLECTRA.NS,OILCOUNTUB
OMAXAUTO.NS,OLECTRA
OMAXE.NS,OMAXAUTO
OMINFRAL.NS,OMAXE
OMKARCHEM.NS,OMINFRAL
ONELIFECAP.NS,OMKARCHEM
ONEPOINT.NS,ONELIFECAP
ONGC.NS,ONEPOINT
ONMOBILE.NS,ONGC
ONWARDTEC.NS,ONMOBILE
OPTIEMUS.NS,ONWARDTEC
ORBTEXP.NS,OPTIEMUS
ORCHPHARMA.NS,ORBTEXP
ORICONENT.NS,ORCHPHARMA
ORIENTABRA.NS,ORICONENT
ORIENTALTL.NS,ORIENTABRA
ORIENTBELL.NS,ORIENTALTL
ORIENTCEM.NS,ORIENTBELL
ORIENTELEC.NS,ORIENTCEM
ORIENTHOT.NS,ORIENTELEC
ORIENTLTD.NS,ORIENTHOT
ORIENTPPR.NS,ORIENTLTD
ORISSAMINE.NS,ORIENTPPR
ORTINLAB.NS,ORISSAMINE
OSIAHYPER.NS,ORTINLAB
OSWALAGRO.NS,OSIAHYPER
PAGEIND.NS,OSWALAGRO
PAISALO.NS,PAGEIND
PALASHSECU.NS,PAISALO
PALREDTEC.NS,PALASHSECU
PANACEABIO.NS,PALREDTEC
PANACHE.NS,PANACEABIO
PANAMAPET.NS,PANACHE
PANSARI.NS,PANAMAPET
PAR.NS,PANSARI
PARACABLES.NS,PAR
PARADEEP.NS,PARACABLES
PARAGMILK.NS,PARADEEP
PARAS.NS,PARAGMILK
PARASPETRO.NS,PARAS
PARSVNATH.NS,PARASPETRO
PASUPTAC.NS,PARSVNATH
PATANJALI.NS,PASUPTAC
PATELENG.NS,PATANJALI
PATINTLOG.NS,PATELENG
PAYTM.NS,PATINTLOG
PCBL.NS,PAYTM
PCJEWELLER.NS,PCBL
PDMJEPAPER.NS,PCJEWELLER
PDSL.NS,PDMJEPAPER
PEARLPOLY.NS,PDSL
PEL.NS,PEARLPOLY
PENIND.NS,PEL
PENINLAND.NS,PENIND
PERSISTENT.NS,PENINLAND
PETRONET.NS,PERSISTENT
PFC.NS,PETRONET
PFIZER.NS,PFC
PFOCUS.NS,PFIZER
PFS.NS,PFOCUS
PGEL.NS,PFS
PGHH.NS,PGEL
PGHL.NS,PGHH
PGIL.NS,PGHL
PHOENIXLTD.NS,PGIL
PIDILITIND.NS,PHOENIXLTD
PIIND.NS,PIDILITIND
PILANIINVS.NS,PIIND
PILITA.NS,PILANIINVS
PIONDIST.NS,PILITA
PIONEEREMB.NS,PIONDIST
PITTIENG.NS,PIONEEREMB
PIXTRANS.NS,PITTIENG
PKTEA.NS,PIXTRANS
PLASTIBLEN.NS,PKTEA
PNB.NS,PLASTIBLEN
PNBGILTS.NS,PNB
PNBHOUSING.NS,PNBGILTS
PNC.NS,PNBHOUSING
PNCINFRA.NS,PNC
PODDARHOUS.NS,PNCINFRA
PODDARMENT.NS,PODDARHOUS
POKARNA.NS,PODDARMENT
POLICYBZR.NS,POKARNA
POLYCAB.NS,POLICYBZR
POLYMED.NS,POLYCAB
POLYPLEX.NS,POLYMED
PONNIERODE.NS,POLYPLEX
POONAWALLA.NS,PONNIERODE
POWERGRID.NS,POONAWALLA
POWERINDIA.NS,POWERGRID
POWERMECH.NS,POWERINDIA
PPAP.NS,POWERMECH
PPL.NS,PPAP
PPLPHARMA.NS,PPL
PRAENG.NS,PPLPHARMA
PRAJIND.NS,PRAENG
PRAKASH.NS,PRAJIND
PRAKASHSTL.NS,PRAKASH
PRAXIS.NS,PRAKASHSTL
PRECAM.NS,PRAXIS
PRECOT.NS,PRECAM
PRECWIRE.NS,PRECOT
PREMEXPLN.NS,PRECWIRE
PREMIER.NS,PREMEXPLN
PREMIERPOL.NS,PREMIER
PRESSMN.NS,PREMIERPOL
PRESTIGE.NS,PRESSMN
PRICOLLTD.NS,PRESTIGE
PRIMESECU.NS,PRICOLLTD
PRINCEPIPE.NS,PRIMESECU
PRITI.NS,PRINCEPIPE
PRITIKAUTO.NS,PRITI
PRIVISCL.NS,PRITIKAUTO
PROZONINTU.NS,PRIVISCL
PRSMJOHNSN.NS,PROZONINTU
PRUDENT.NS,PRSMJOHNSN
PSB.NS,PRUDENT
PSPPROJECT.NS,PSB
PTC.NS,PSPPROJECT
PTL.NS,PTC
PUNJABCHEM.NS,PTL
PURVA.NS,PUNJABCHEM
PVP.NS,PURVA
PVR.NS,PVP
QUESS.NS,PVR
QUICKHEAL.NS,QUESS
RADAAN.NS,QUICKHEAL
RADHIKAJWE.NS,RADAAN
RADIANTCMS.NS,RADHIKAJWE
RADICO.NS,RADIANTCMS
RADIOCITY.NS,RADICO
RAILTEL.NS,RADIOCITY
RAIN.NS,RAILTEL
RAINBOW.NS,RAIN
RAJESHEXPO.NS,RAINBOW
RAJMET.NS,RAJESHEXPO
RAJRATAN.NS,RAJMET
RAJRILTD.NS,RAJRATAN
RAJSREESUG.NS,RAJRILTD
RAJTV.NS,RAJSREESUG
RALLIS.NS,RAJTV
RAMANEWS.NS,RALLIS
RAMAPHO.NS,RAMANEWS
RAMASTEEL.NS,RAMAPHO
RAMCOCEM.NS,RAMASTEEL
RAMCOIND.NS,RAMCOCEM
RAMCOSYS.NS,RAMCOIND
RAMKY.NS,RAMCOSYS
RAMRAT.NS,RAMKY
RANASUG.NS,RAMRAT
RANEENGINE.NS,RANASUG
RANEHOLDIN.NS,RANEENGINE
RATEGAIN.NS,RANEHOLDIN
RATNAMANI.NS,RATEGAIN
RAYMOND.NS,RATNAMANI
RBA.NS,RAYMOND
RBL.NS,RBA
RBLBANK.NS,RBL
RCF.NS,RBLBANK
RCOM.NS,RCF
RECLTD.NS,RCOM
REDINGTON.NS,RECLTD
REFEX.NS,REDINGTON
REGENCERAM.NS,REFEX
RELAXO.NS,REGENCERAM
RELCAPITAL.NS,RELAXO
RELCHEMQ.NS,RELCAPITAL
RELIANCE.NS,RELCHEMQ
RELIGARE.NS,RELIANCE
RELINFRA.NS,RELIGARE
REMSONSIND.NS,RELINFRA
RENUKA.NS,REMSONSIND
REPCOHOME.NS,RENUKA
REPL.NS,REPCOHOME
REPRO.NS,REPL
RESPONIND.NS,REPRO
REVATHI.NS,RESPONIND
RGL.NS,REVATHI
RHFL.NS,RGL
RHIM.NS,RHFL
RICOAUTO.NS,RHIM
RIIL.NS,RICOAUTO
RITCO.NS,RIIL
RITES.NS,RITCO
RKDL.NS,RITES
RKEC.NS,RKDL
RKFORGE.NS,RKEC
RMCL.NS,RKFORGE
RML.NS,RMCL
RNAVAL.NS,RML
ROHLTD.NS,RNAVAL
ROLEXRINGS.NS,ROHLTD
ROLLT.NS,ROLEXRINGS
ROLTA.NS,ROLLT
ROML.NS,ROLTA
ROSSARI.NS,ROML
ROSSELLIND.NS,ROSSARI
ROTO.NS,ROSSELLIND
ROUTE.NS,ROTO
RPGLIFE.NS,ROUTE
RPOWER.NS,RPGLIFE
RPPINFRA.NS,RPOWER
RPPL.NS,RPPINFRA
RPSGVENT.NS,RPPL
RSSOFTWARE.NS,RPSGVENT
RSWM.NS,RSSOFTWARE
RSYSTEMS.NS,RSWM
RTNINDIA.NS,RSYSTEMS
RTNPOWER.NS,RTNINDIA
RUBYMILLS.NS,RTNPOWER
RUCHINFRA.NS,RUBYMILLS
RUCHIRA.NS,RUCHINFRA
RUPA.NS,RUCHIRA
RUSHIL.NS,RUPA
RUSTOMJEE.NS,RUSHIL
RVHL.NS,RUSTOMJEE
RVNL.NS,RVHL
S&SPOWER.NS,RVNL
SABEVENTS.NS,S&SPOWER
SADBHAV.NS,SABEVENTS
SADBHIN.NS,SADBHAV
SAFARI.NS,SADBHIN
SAGARDEEP.NS,SAFARI
SAGCEM.NS,SAGARDEEP
SAIL.NS,SAGCEM
SAKAR.NS,SAIL
SAKHTISUG.NS,SAKAR
SAKSOFT.NS,SAKHTISUG
SAKUMA.NS,SAKSOFT
SALASAR.NS,SAKUMA
SALONA.NS,SALASAR
SALSTEEL.NS,SALONA
SALZERELEC.NS,SALSTEEL
SAMBHAAV.NS,SALZERELEC
SANDESH.NS,SAMBHAAV
SANDHAR.NS,SANDESH
SANGAMIND.NS,SANDHAR
SANGHIIND.NS,SANGAMIND
SANGHVIMOV.NS,SANGHIIND
SANGINITA.NS,SANGHVIMOV
SANOFI.NS,SANGINITA
SANSERA.NS,SANOFI
SANWARIA.NS,SANSERA
SAPPHIRE.NS,SANWARIA
SARDAEN.NS,SAPPHIRE
SAREGAMA.NS,SARDAEN
SARLAPOLY.NS,SAREGAMA
SARVESHWAR.NS,SARLAPOLY
SASKEN.NS,SARVESHWAR
SASTASUNDR.NS,SASKEN
SATHAISPAT.NS,SASTASUNDR
SATIA.NS,SATHAISPAT
SATIN.NS,SATIA
SATINDLTD.NS,SATIN
SBC.NS,SATINDLTD
SBCL.NS,SBC
SBICARD.NS,SBCL
SBILIFE.NS,SBICARD
SBIN.NS,SBILIFE
SCAPDVR.NS,SBIN
SCHAEFFLER.NS,SCAPDVR
SCHAND.NS,SCHAEFFLER
SCHNEIDER.NS,SCHAND
SCI.NS,SCHNEIDER
SCPL.NS,SCI
SDBL.NS,SCPL
SEAMECLTD.NS,SDBL
SECURCRED.NS,SEAMECLTD
SECURKLOUD.NS,SECURCRED
SEJALLTD.NS,SECURKLOUD
SELAN.NS,SEJALLTD
SEPC.NS,SELAN
SEPOWER.NS,SEPC
SEQUENT.NS,SEPOWER
SERVOTECH.NS,SEQUENT
SESHAPAPER.NS,SERVOTECH
SETCO.NS,SESHAPAPER
SETUINFRA.NS,SETCO
SEYAIND.NS,SETUINFRA
SFL.NS,SEYAIND
SGIL.NS,SFL
SGL.NS,SGIL
SHAHALLOYS.NS,SGL
SHAILY.NS,SHAHALLOYS
SHAKTIPUMP.NS,SHAILY
SHALBY.NS,SHAKTIPUMP
SHALPAINTS.NS,SHALBY
SHANKARA.NS,SHALPAINTS
SHANTI.NS,SHANKARA
SHANTIGEAR.NS,SHANTI
SHARDACROP.NS,SHANTIGEAR
SHARDAMOTR.NS,SHARDACROP
SHAREINDIA.NS,SHARDAMOTR
SHEMAROO.NS,SHAREINDIA
SHILPAMED.NS,SHEMAROO
SHIVALIK.NS,SHILPAMED
SHIVAMAUTO.NS,SHIVALIK
SHIVAMILLS.NS,SHIVAMAUTO
SHIVATEX.NS,SHIVAMILLS
SHK.NS,SHIVATEX
SHOPERSTOP.NS,SHK
SHRADHA.NS,SHOPERSTOP
SHREDIGCEM.NS,SHRADHA
SHREECEM.NS,SHREDIGCEM
SHREEPUSHK.NS,SHREECEM
SHREERAMA.NS,SHREEPUSHK
SHRENIK.NS,SHREERAMA
SHREYANIND.NS,SHRENIK
SHREYAS.NS,SHREYANIND
SHRIPISTON.NS,SHREYAS
SHRIRAMFIN.NS,SHRIPISTON
SHRIRAMPPS.NS,SHRIRAMFIN
SHYAMCENT.NS,SHRIRAMPPS
SHYAMMETL.NS,SHYAMCENT
SHYAMTEL.NS,SHYAMMETL
SIEMENS.NS,SHYAMTEL
SIGACHI.NS,SIEMENS
SIGIND.NS,SIGACHI
SIKKO.NS,SIGIND
SIL.NS,SIKKO
SILGO.NS,SIL
SILINV.NS,SILGO
SILLYMONKS.NS,SILINV
SILVERTUC.NS,SILLYMONKS
SIMBHALS.NS,SILVERTUC
SIMPLEXINF.NS,SIMBHALS
SINTERCOM.NS,SIMPLEXINF
SINTEX.NS,SINTERCOM
SIRCA.NS,SINTEX
SIS.NS,SIRCA
SITINET.NS,SIS
SIYSIL.NS,SITINET
SJS.NS,SIYSIL
SJVN.NS,SJS
SKFINDIA.NS,SJVN
SKIPPER.NS,SKFINDIA
SKMEGGPROD.NS,SKIPPER
SMARTLINK.NS,SKMEGGPROD
SMCGLOBAL.NS,SMARTLINK
SMLISUZU.NS,SMCGLOBAL
SMLT.NS,SMLISUZU
SMSLIFE.NS,SMLT
SMSPHARMA.NS,SMSLIFE
SNOWMAN.NS,SMSPHARMA
SOBHA.NS,SNOWMAN
SOFTTECH.NS,SOBHA
SOLARA.NS,SOFTTECH
SOLARINDS.NS,SOLARA
SOMANYCERA.NS,SOLARINDS
SOMATEX.NS,SOMANYCERA
SOMICONVEY.NS,SOMATEX
SONACOMS.NS,SOMICONVEY
SONAMCLOCK.NS,SONACOMS
SONATSOFTW.NS,SONAMCLOCK
SOTL.NS,SONATSOFTW
SOUTHBANK.NS,SOTL
SOUTHWEST.NS,SOUTHBANK
SPAL.NS,SOUTHWEST
SPANDANA.NS,SPAL
SPARC.NS,SPANDANA
SPCENET.NS,SPARC
SPECIALITY.NS,SPCENET
SPENCERS.NS,SPECIALITY
SPIC.NS,SPENCERS
SPICEJET.NS,SPIC
SPLIL.NS,SPICEJET
SPLPETRO.NS,SPLIL
SPMLINFRA.NS,SPLPETRO
SPORTKING.NS,SPMLINFRA
SPTL.NS,SPORTKING
SREEL.NS,SPTL
SRF.NS,SREEL
SRHHYPOLTD.NS,SRF
SRPL.NS,SRHHYPOLTD
SSWL.NS,SRPL
STAR.NS,SSWL
STARCEMENT.NS,STAR
STARHEALTH.NS,STARCEMENT
STARPAPER.NS,STARHEALTH
STARTECK.NS,STARPAPER
STCINDIA.NS,STARTECK
STEELCAS.NS,STCINDIA
STEELCITY.NS,STEELCAS
STEELXIND.NS,STEELCITY
STEL.NS,STEELXIND
STERTOOLS.NS,STEL
STLTECH.NS,STERTOOLS
STOVEKRAFT.NS,STLTECH
STYLAMIND.NS,STOVEKRAFT
SUBCAPCITY.NS,STYLAMIND
SUBEXLTD.NS,SUBCAPCITY
SUBROS.NS,SUBEXLTD
SUDARSCHEM.NS,SUBROS
SUKHJITS.NS,SUDARSCHEM
SULA.NS,SUKHJITS
SUMEETINDS.NS,SULA
SUMICHEM.NS,SUMEETINDS
SUMIT.NS,SUMICHEM
SUMMITSEC.NS,SUMIT
SUNCLAYLTD.NS,SUMMITSEC
SUNDARAM.NS,SUNCLAYLTD
SUNDARMFIN.NS,SUNDARAM
SUNDARMHLD.NS,SUNDARMFIN
SUNDRMBRAK.NS,SUNDARMHLD
SUNDRMFAST.NS,SUNDRMBRAK
SUNFLAG.NS,SUNDRMFAST
SUNPHARMA.NS,SUNFLAG
SUNTECK.NS,SUNPHARMA
SUNTV.NS,SUNTECK
SUPERHOUSE.NS,SUNTV
SUPERSPIN.NS,SUPERHOUSE
SUPRAJIT.NS,SUPERSPIN
SUPREMEENG.NS,SUPRAJIT
SUPREMEIND.NS,SUPREMEENG
SUPREMEINF.NS,SUPREMEIND
SUPRIYA.NS,SUPREMEINF
SURANASOL.NS,SUPRIYA
SURANAT&P.NS,SURANASOL
SURYALAXMI.NS,SURANAT&P
SURYAROSNI.NS,SURYALAXMI
SURYODAY.NS,SURYAROSNI
SUTLEJTEX.NS,SURYODAY
SUULD.NS,SUTLEJTEX
SUVEN.NS,SUULD
SUVENPHAR.NS,SUVEN
SUVIDHAA.NS,SUVENPHAR
SUZLON.NS,SUVIDHAA
SVPGLOB.NS,SUZLON
SWANENERGY.NS,SVPGLOB
SWARAJENG.NS,SWANENERGY
SWELECTES.NS,SWARAJENG
SWSOLAR.NS,SWELECTES
SYMPHONY.NS,SWSOLAR
SYNCOMF.NS,SYMPHONY
SYNGENE.NS,SYNCOMF
SYRMA.NS,SYNGENE
TAINWALCHM.NS,SYRMA
TAJGVK.NS,TAINWALCHM
TAKE.NS,TAJGVK
TALBROAUTO.NS,TAKE
TANLA.NS,TALBROAUTO
TANTIACONS.NS,TANLA
TARAPUR.NS,TANTIACONS
TARC.NS,TARAPUR
TARMAT.NS,TARC
TARSONS.NS,TARMAT
TASTYBITE.NS,TARSONS
TATACHEM.NS,TASTYBITE
TATACOFFEE.NS,TATACHEM
TATACOMM.NS,TATACOFFEE
TATACONSUM.NS,TATACOMM
TATAELXSI.NS,TATACONSUM
TATAINVEST.NS,TATAELXSI
TATAMETALI.NS,TATAINVEST
TATAMOTORS.NS,TATAMETALI
TATAMTRDVR.NS,TATAMOTORS
TATAPOWER.NS,TATAMTRDVR
TATASTEEL.NS,TATAPOWER
TATASTLLP.NS,TATASTEEL
TATVA.NS,TATASTLLP
TBZ.NS,TATVA
TCI.NS,TBZ
TCIEXP.NS,TCI
TCNSBRANDS.NS,TCIEXP
TCPLPACK.NS,TCNSBRANDS
TCS.NS,TCPLPACK
TDPOWERSYS.NS,TCS
TEAMLEASE.NS,TDPOWERSYS
TECHIN.NS,TEAMLEASE
TECHM.NS,TECHIN
TECHNOE.NS,TECHM
TEGA.NS,TECHNOE
TEJASNET.NS,TEGA
TEMBO.NS,TEJASNET
TERASOFT.NS,TEMBO
TEXINFRA.NS,TERASOFT
TEXMOPIPES.NS,TEXINFRA
TEXRAIL.NS,TEXMOPIPES
TFCILTD.NS,TEXRAIL
TFL.NS,TFCILTD
TGBHOTELS.NS,TFL
THANGAMAYL.NS,TGBHOTELS
THEINVEST.NS,THANGAMAYL
THEMISMED.NS,THEINVEST
THERMAX.NS,THEMISMED
THOMASCOOK.NS,THERMAX
THOMASCOTT.NS,THOMASCOOK
THYROCARE.NS,THOMASCOTT
TI.NS,THYROCARE
TIDEWATER.NS,TI
TIIL.NS,TIDEWATER
TIINDIA.NS,TIIL
TIJARIA.NS,TIINDIA
TIL.NS,TIJARIA
TIMESGTY.NS,TIL
TIMETECHNO.NS,TIMESGTY
TIMKEN.NS,TIMETECHNO
TINPLATE.NS,TIMKEN
TIPSFILMS.NS,TINPLATE
TIPSINDLTD.NS,TIPSFILMS
TIRUMALCHM.NS,TIPSINDLTD
TIRUPATIFL.NS,TIRUMALCHM
TITAN.NS,TIRUPATIFL
TMB.NS,TITAN
TNPETRO.NS,TMB
TNPL.NS,TNPETRO
TNTELE.NS,TNPL
TOKYOPLAST.NS,TNTELE
TORNTPHARM.NS,TOKYOPLAST
TORNTPOWER.NS,TORNTPHARM
TOTAL.NS,TORNTPOWER
TOUCHWOOD.NS,TOTAL
TPLPLASTEH.NS,TOUCHWOOD
TRACXN.NS,TPLPLASTEH
TREEHOUSE.NS,TRACXN
TREJHARA.NS,TREEHOUSE
TRENT.NS,TREJHARA
TRF.NS,TRENT
TRIDENT.NS,TRF
TRIGYN.NS,TRIDENT
TRIL.NS,TRIGYN
TRITURBINE.NS,TRIL
TRIVENI.NS,TRITURBINE
TRU.NS,TRIVENI
TTKHLTCARE.NS,TRU
TTKPRESTIG.NS,TTKHLTCARE
TTL.NS,TTKPRESTIG
TTML.NS,TTL
TV18BRDCST.NS,TTML
TVSELECT.NS,TV18BRDCST
TVSMOTOR.NS,TVSELECT
TVSSRICHAK.NS,TVSMOTOR
TVTODAY.NS,TVSSRICHAK
TVVISION.NS,TVTODAY
TWL.NS,TVVISION
UBL.NS,TWL
UCALFUEL.NS,UBL
UCOBANK.NS,UCALFUEL
UDAICEMENT.NS,UCOBANK
UFLEX.NS,UDAICEMENT
UFO.NS,UFLEX
UGARSUGAR.NS,UFO
UGROCAP.NS,UGARSUGAR
UJAAS.NS,UGROCAP
UJJIVAN.NS,UJAAS
UJJIVANSFB.NS,UJJIVAN
ULTRACEMCO.NS,UJJIVANSFB
UMAEXPORTS.NS,ULTRACEMCO
UMANGDAIRY.NS,UMAEXPORTS
UMESLTD.NS,UMANGDAIRY
UNICHEMLAB.NS,UMESLTD
UNIDT.NS,UNICHEMLAB
UNIENTER.NS,UNIDT
UNIINFO.NS,UNIENTER
UNIONBANK.NS,UNIINFO
UNIPARTS.NS,UNIONBANK
UNITECH.NS,UNIPARTS
UNITEDPOLY.NS,UNITECH
UNITEDTEA.NS,UNITEDPOLY
UNIVASTU.NS,UNITEDTEA
UNIVCABLES.NS,UNIVASTU
UNIVPHOTO.NS,UNIVCABLES
UNOMINDA.NS,UNIVPHOTO
UPL.NS,UNOMINDA
URJA.NS,UPL
USHAMART.NS,URJA
UTIAMC.NS,USHAMART
UTTAMSUGAR.NS,UTIAMC
V2RETAIL.NS,UTTAMSUGAR
VADILALIND.NS,V2RETAIL
VAIBHAVGBL.NS,VADILALIND
VAISHALI.NS,VAIBHAVGBL
VAKRANGEE.NS,VAISHALI
VALIANTORG.NS,VAKRANGEE
VARDHACRLC.NS,VALIANTORG
VARDMNPOLY.NS,VARDHACRLC
VARROC.NS,VARDMNPOLY
VASCONEQ.NS,VARROC
VASWANI.NS,VASCONEQ
VBL.NS,VASWANI
VCL.NS,VBL
VEDL.NS,VCL
VENKEYS.NS,VEDL
VENUSPIPES.NS,VENKEYS
VENUSREM.NS,VENUSPIPES
VERANDA.NS,VENUSREM
VERTOZ.NS,VERANDA
VESUVIUS.NS,VERTOZ
VETO.NS,VESUVIUS
VGUARD.NS,VETO
VHL.NS,VGUARD
VICEROY.NS,VHL
VIDHIING.NS,VICEROY
VIJAYA.NS,VIDHIING
VIJIFIN.NS,VIJAYA
VIKASECO.NS,VIJIFIN
VIKASLIFE.NS,VIKASECO
VIKASPROP.NS,VIKASLIFE
VIKASWSP.NS,VIKASPROP
VIMTALABS.NS,VIKASWSP
VINATIORGA.NS,VIMTALABS
VINDHYATEL.NS,VINATIORGA
VINEETLAB.NS,VINDHYATEL
VINNY.NS,VINEETLAB
VINYLINDIA.NS,VINNY
VIPCLOTHNG.NS,VINYLINDIA
VIPIND.NS,VIPCLOTHNG
VIPULLTD.NS,VIPIND
VISAKAIND.NS,VIPULLTD
VISASTEEL.NS,VISAKAIND
VISESHINFO.NS,VISASTEEL
VISHAL.NS,VISESHINFO
VISHNU.NS,VISHAL
VISHWARAJ.NS,VISHNU
VIVIDHA.NS,VISHWARAJ
VIVIMEDLAB.NS,VIVIDHA
VLSFINANCE.NS,VIVIMEDLAB
VMART.NS,VLSFINANCE
VOLTAMP.NS,VMART
VOLTAS.NS,VOLTAMP
VRLLOG.NS,VOLTAS
VSSL.NS,VRLLOG
VSTIND.NS,VSSL
VSTTILLERS.NS,VSTIND
VTL.NS,VSTTILLERS
WABAG.NS,VTL
WALCHANNAG.NS,WABAG
WANBURY.NS,WALCHANNAG
WATERBASE.NS,WANBURY
WEALTH.NS,WATERBASE
WEBELSOLAR.NS,WEALTH
WEIZMANIND.NS,WEBELSOLAR
WEL.NS,WEIZMANIND
WELCORP.NS,WEL
WELENT.NS,WELCORP
WELINV.NS,WELENT
WELSPUNIND.NS,WELINV
WENDT.NS,WELSPUNIND
WESTLIFE.NS,WENDT
WEWIN.NS,WESTLIFE
WHEELS.NS,WEWIN
WHIRLPOOL.NS,WHEELS
WILLAMAGOR.NS,WHIRLPOOL
WINDLAS.NS,WILLAMAGOR
WINDMACHIN.NS,WINDLAS
WINPRO.NS,WINDMACHIN
WIPL.NS,WINPRO
WIPRO.NS,WIPL
WOCKPHARMA.NS,WIPRO
WONDERLA.NS,WOCKPHARMA
WORTH.NS,WONDERLA
WSTCSTPAPR.NS,WORTH
XCHANGING.NS,WSTCSTPAPR
XELPMOC.NS,XCHANGING
XPROINDIA.NS,XELPMOC
YAARI.NS,XPROINDIA
YESBANK.NS,YAARI
YUKEN.NS,YESBANK
ZEEL.NS,YUKEN
ZEELEARN.NS,ZEEL
ZEEMEDIA.NS,ZEELEARN
ZENITHEXPO.NS,ZEEMEDIA
ZENITHSTL.NS,ZENITHEXPO
ZENSARTECH.NS,ZENITHSTL
ZENTEC.NS,ZENSARTECH
ZFCVINDIA.NS,ZENTEC
ZIMLAB.NS,ZFCVINDIA
ZODIAC.NS,ZIMLAB
ZODIACLOTH.NS,ZODIAC
ZOMATO.NS,ZODIACLOTH
ZOTA.NS,ZOMATO
ZUARI.NS,ZOTA
ZUARIIND.NS,ZUARI
ZYDUSLIFE.NS,ZUARIIND
ZYDUSLIFE.NS,ZYDUSLIFE
,ZYDUSLIFE
